Data,Hora,Leitura
2026-05-08,08:45:59,+    0.00
2026-05-08,08:46:04,+    0.00
2026-05-08,08:46:09,+  192.88
2026-05-08,08:46:14,+    0.00
2026-05-08,08:46:19,+    0.00
2026-05-08,08:46:24,+    0.00
2026-05-08,08:46:29,+    0.00
2026-05-08,08:46:34,+    0.00
2026-05-08,08:46:39,+    0.00
2026-05-08,08:46:44,+    0.00
2026-05-08,08:46:49,+    0.00
2026-05-08,08:46:54,+    0.00
2026-05-08,08:46:59,+    0.00
2026-05-08,08:47:04,+    0.01
2026-05-08,08:47:09,+    0.01
2026-05-08,08:47:14,+    0.01
2026-05-08,08:47:19,+    0.01
2026-05-08,08:47:24,+    0.01
2026-05-08,08:47:29,+    0.01
2026-05-08,08:47:34,+    0.01
2026-05-08,08:47:39,+    0.01
2026-05-08,08:47:44,+    0.01
2026-05-08,08:47:49,+    0.02
2026-05-08,08:47:54,+    0.01
2026-05-08,08:47:59,+    0.01
2026-05-08,08:48:04,+    0.01
2026-05-08,08:48:09,+    0.01
2026-05-08,08:48:14,+    0.01
2026-05-08,08:48:19,+    0.02
2026-05-08,08:48:24,+    0.01
2026-05-08,08:48:29,+    0.01
2026-05-08,08:48:34,+    0.02
2026-05-08,08:48:39,+    0.02
2026-05-08,08:48:44,+    0.01
2026-05-08,08:48:49,+    0.01
2026-05-08,08:48:54,+    0.02
2026-05-08,08:48:59,+    0.02
2026-05-08,08:49:04,+    0.02
2026-05-08,08:49:09,+    0.02
2026-05-08,08:49:14,+    0.02
2026-05-08,08:49:19,+    0.02
2026-05-08,08:49:24,+    0.02
2026-05-08,08:49:29,+    0.01
2026-05-08,08:49:34,+    0.01
2026-05-08,08:49:39,+    0.02
2026-05-08,08:49:44,+    0.02
2026-05-08,08:49:49,+    0.02
2026-05-08,08:49:54,+    0.02
2026-05-08,08:49:59,+    0.02
2026-05-08,08:50:04,+    0.02
2026-05-08,08:50:09,+    0.01
2026-05-08,08:50:14,+    0.02
2026-05-08,08:50:19,+    0.01
2026-05-08,08:50:24,+    0.01
2026-05-08,08:50:29,+    0.02
2026-05-08,08:50:34,+    0.02
2026-05-08,08:50:39,+    0.02
2026-05-08,08:50:44,+    0.02
2026-05-08,08:50:49,+    0.02
2026-05-08,08:50:54,+    0.02
2026-05-08,08:50:59,+    0.02
2026-05-08,08:51:04,+    0.02
2026-05-08,08:51:09,+    0.03
2026-05-08,08:51:14,+    0.02
2026-05-08,08:51:19,+    0.03
2026-05-08,08:51:24,+    0.03
2026-05-08,08:51:29,+    0.20
2026-05-08,08:51:34,+    0.21
2026-05-08,08:51:39,+    0.21
2026-05-08,08:51:44,+    0.36
2026-05-08,08:51:49,+    0.37
2026-05-08,08:51:54,+    0.42
2026-05-08,08:51:59,+    0.41
2026-05-08,08:52:04,+    0.41
2026-05-08,08:52:09,+    0.49
2026-05-08,08:52:14,+    0.48
2026-05-08,08:52:19,+    0.48
2026-05-08,08:52:24,+    0.67
2026-05-08,08:52:29,+    0.71
2026-05-08,08:52:34,+    0.76
2026-05-08,08:52:39,+    0.76
2026-05-08,08:52:44,+    0.80
2026-05-08,08:52:49,+    0.85
2026-05-08,08:52:54,+    0.84
2026-05-08,08:52:59,+    1.07
2026-05-08,08:53:04,+    1.11
2026-05-08,08:53:09,+    1.13
2026-05-08,08:53:14,+    1.13
2026-05-08,08:53:19,+    1.14
2026-05-08,08:53:24,+    1.19
2026-05-08,08:53:29,+    1.27
2026-05-08,08:53:34,+    1.34
2026-05-08,08:53:39,+    1.46
2026-05-08,08:53:44,+    1.52
2026-05-08,08:53:49,+    1.52
2026-05-08,08:53:54,+    1.55
2026-05-08,08:53:59,+    1.60
2026-05-08,08:54:04,+    1.61
2026-05-08,08:54:09,+    1.86
2026-05-08,08:54:14,+    1.86
2026-05-08,08:54:19,+    1.85
2026-05-08,08:54:24,+    1.91
2026-05-08,08:54:29,+    1.99
2026-05-08,08:54:34,+    2.09
2026-05-08,08:54:39,+    2.24
2026-05-08,08:54:44,+    2.24
2026-05-08,08:54:49,+    2.29
2026-05-08,08:54:54,+    2.42
2026-05-08,08:54:59,+    2.42
2026-05-08,08:55:04,+    2.57
2026-05-08,08:55:09,+    2.66
2026-05-08,08:55:14,+    2.72
2026-05-08,08:55:19,+    2.77
2026-05-08,08:55:24,+    2.92
2026-05-08,08:55:29,+    2.95
2026-05-08,08:55:34,+    3.02
2026-05-08,08:55:39,+    3.05
2026-05-08,08:55:44,+    3.16
2026-05-08,08:55:49,+    3.32
2026-05-08,08:55:54,+    3.32
2026-05-08,08:55:59,+    3.33
2026-05-08,08:56:04,+    3.50
2026-05-08,08:56:09,+    3.53
2026-05-08,08:56:14,+    3.64
2026-05-08,08:56:19,+    3.90
2026-05-08,08:56:24,+    3.86
2026-05-08,08:56:29,+    3.92
2026-05-08,08:56:34,+    3.92
2026-05-08,08:56:39,+    4.03
2026-05-08,08:56:44,+    4.21
2026-05-08,08:56:49,+    4.33
2026-05-08,08:56:54,+    4.33
2026-05-08,08:56:59,+    4.37
2026-05-08,08:57:04,+    4.47
2026-05-08,08:57:09,+    4.57
2026-05-08,08:57:14,+    4.69
2026-05-08,08:57:19,+    4.75
2026-05-08,08:57:24,+    4.92
2026-05-08,08:57:29,+    5.11
2026-05-08,08:57:34,+    5.13
2026-05-08,08:57:39,+    5.21
2026-05-08,08:57:44,+    5.24
2026-05-08,08:57:49,+    5.41
2026-05-08,08:57:54,+    5.45
2026-05-08,08:57:59,+    5.63
2026-05-08,08:58:04,+    5.69
2026-05-08,08:58:09,+    5.80
2026-05-08,08:58:14,+    5.86
2026-05-08,08:58:19,+    5.98
2026-05-08,08:58:24,+    6.06
2026-05-08,08:58:29,+    6.17
2026-05-08,08:58:34,+    6.27
2026-05-08,08:58:39,+    6.39
2026-05-08,08:58:44,+    6.49
2026-05-08,08:58:49,+    6.57
2026-05-08,08:58:54,+    6.57
2026-05-08,08:58:59,+    6.67
2026-05-08,08:59:04,+    6.81
2026-05-08,08:59:09,+    6.95
2026-05-08,08:59:14,+    6.97
2026-05-08,08:59:19,+    7.12
2026-05-08,08:59:24,+    7.21
2026-05-08,08:59:29,+    7.35
2026-05-08,08:59:34,+    7.46
2026-05-08,08:59:39,+    7.59
2026-05-08,08:59:44,+    7.60
2026-05-08,08:59:49,+    7.69
2026-05-08,08:59:54,+    7.94
2026-05-08,08:59:59,+    7.90
2026-05-08,09:00:04,+    8.00
2026-05-08,09:00:09,+    8.11
2026-05-08,09:00:14,+    8.24
2026-05-08,09:00:19,+    8.25
2026-05-08,09:00:24,+    8.31
2026-05-08,09:00:29,+    8.45
2026-05-08,09:00:34,+    8.59
2026-05-08,09:00:39,+    8.68
2026-05-08,09:00:44,+    8.77
2026-05-08,09:00:49,+    8.88
2026-05-08,09:00:54,+    8.98
2026-05-08,09:00:59,+    9.09
2026-05-08,09:01:04,+    9.17
2026-05-08,09:01:09,+    9.26
2026-05-08,09:01:14,+    9.42
2026-05-08,09:01:19,+    9.61
2026-05-08,09:01:24,+    9.62
2026-05-08,09:01:29,+    9.65
2026-05-08,09:01:34,+    9.73
2026-05-08,09:01:39,+    9.83
2026-05-08,09:01:44,+    9.95
2026-05-08,09:01:49,+   10.05
2026-05-08,09:01:54,+   10.14
2026-05-08,09:01:59,+   10.23
2026-05-08,09:02:04,+   10.33
2026-05-08,09:02:09,+   10.45
2026-05-08,09:02:14,+   10.52
2026-05-08,09:02:19,+   10.55
2026-05-08,09:02:24,+   10.77
2026-05-08,09:02:29,+   10.79
2026-05-08,09:02:34,+   10.97
2026-05-08,09:02:39,+   11.03
2026-05-08,09:02:44,+   11.04
2026-05-08,09:02:49,+   11.18
2026-05-08,09:02:54,+   11.22
2026-05-08,09:02:59,+   11.31
2026-05-08,09:03:04,+   11.43
2026-05-08,09:03:09,+   11.52
2026-05-08,09:03:14,+   11.66
2026-05-08,09:03:19,+   11.76
2026-05-08,09:03:24,+   11.91
2026-05-08,09:03:29,+   12.01
2026-05-08,09:03:34,+   12.01
2026-05-08,09:03:39,+   12.16
2026-05-08,09:03:44,+   12.34
2026-05-08,09:03:49,+   12.41
2026-05-08,09:03:54,+   12.49
2026-05-08,09:03:59,+   12.63
2026-05-08,09:04:04,+   12.70
2026-05-08,09:04:09,+   12.79
2026-05-08,09:04:14,+   12.96
2026-05-08,09:04:19,+   12.97
2026-05-08,09:04:24,+   13.11
2026-05-08,09:04:29,+   13.17
2026-05-08,09:04:34,+   13.27
2026-05-08,09:04:39,+   13.41
2026-05-08,09:04:44,+   13.49
2026-05-08,09:04:49,+   13.60
2026-05-08,09:04:54,+   13.76
2026-05-08,09:04:59,+   13.81
2026-05-08,09:05:04,+   13.91
2026-05-08,09:05:09,+   14.01
2026-05-08,09:05:14,+   14.10
2026-05-08,09:05:19,+   14.19
2026-05-08,09:05:24,+   14.19
2026-05-08,09:05:29,+   14.33
2026-05-08,09:05:34,+   14.51
2026-05-08,09:05:39,+   14.53
2026-05-08,09:05:44,+   14.58
2026-05-08,09:05:49,+   14.77
2026-05-08,09:05:54,+   14.83
2026-05-08,09:05:59,+   14.84
2026-05-08,09:06:04,+   14.93
2026-05-08,09:06:09,+   15.01
2026-05-08,09:06:14,+   15.20
2026-05-08,09:06:19,+   15.33
2026-05-08,09:06:24,+   15.37
2026-05-08,09:06:29,+   15.43
2026-05-08,09:06:34,+   15.56
2026-05-08,09:06:39,+   15.66
2026-05-08,09:06:44,+   15.76
2026-05-08,09:06:49,+   15.85
2026-05-08,09:06:54,+   16.00
2026-05-08,09:06:59,+   16.11
2026-05-08,09:07:04,+   16.16
2026-05-08,09:07:09,+   16.27
2026-05-08,09:07:14,+   16.34
2026-05-08,09:07:19,+   16.43
2026-05-08,09:07:24,+   16.54
2026-05-08,09:07:29,+   16.64
2026-05-08,09:07:34,+   16.66
2026-05-08,09:07:39,+   16.76
2026-05-08,09:07:44,+   16.88
2026-05-08,09:07:49,+   17.01
2026-05-08,09:07:54,+   17.10
2026-05-08,09:07:59,+   17.20
2026-05-08,09:08:04,+   17.31
2026-05-08,09:08:09,+   17.41
2026-05-08,09:08:14,+   17.50
2026-05-08,09:08:19,+   17.58
2026-05-08,09:08:24,+   17.66
2026-05-08,09:08:29,+   17.72
2026-05-08,09:08:34,+   17.81
2026-05-08,09:08:39,+   17.91
2026-05-08,09:08:44,+   17.98
2026-05-08,09:08:49,+   18.07
2026-05-08,09:08:54,+   18.19
2026-05-08,09:08:59,+   18.28
2026-05-08,09:09:04,+   18.34
2026-05-08,09:09:09,+   18.44
2026-05-08,09:09:14,+   18.53
2026-05-08,09:09:19,+   18.61
2026-05-08,09:09:24,+   18.78
2026-05-08,09:09:29,+   18.87
2026-05-08,09:09:34,+   18.94
2026-05-08,09:09:39,+   18.96
2026-05-08,09:09:44,+   19.06
2026-05-08,09:09:49,+   19.06
2026-05-08,09:09:54,+   19.18
2026-05-08,09:09:59,+   19.29
2026-05-08,09:10:04,+   19.41
2026-05-08,09:10:09,+   19.55
2026-05-08,09:10:14,+   19.65
2026-05-08,09:10:19,+   19.76
2026-05-08,09:10:24,+   19.81
2026-05-08,09:10:29,+   19.91
2026-05-08,09:10:34,+   20.02
2026-05-08,09:10:39,+   20.08
2026-05-08,09:10:44,+   20.23
2026-05-08,09:10:49,+   20.32
2026-05-08,09:10:54,+   20.46
2026-05-08,09:10:59,+   20.55
2026-05-08,09:11:04,+   20.66
2026-05-08,09:11:09,+   20.70
2026-05-08,09:11:14,+   20.72
2026-05-08,09:11:19,+   20.86
2026-05-08,09:11:24,+   21.00
2026-05-08,09:11:29,+   21.07
2026-05-08,09:11:34,+   21.17
2026-05-08,09:11:39,+   21.28
2026-05-08,09:11:44,+   21.35
2026-05-08,09:11:49,+   21.43
2026-05-08,09:11:54,+   21.53
2026-05-08,09:11:59,+   21.64
2026-05-08,09:12:04,+   21.70
2026-05-08,09:12:09,+   21.76
2026-05-08,09:12:14,+   21.91
2026-05-08,09:12:19,+   21.91
2026-05-08,09:12:24,+   22.05
2026-05-08,09:12:29,+   22.10
2026-05-08,09:12:34,+   22.21
2026-05-08,09:12:39,+   22.34
2026-05-08,09:12:44,+   22.44
2026-05-08,09:12:49,+   22.51
2026-05-08,09:12:54,+   22.57
2026-05-08,09:12:59,+   22.63
2026-05-08,09:13:04,+   22.75
2026-05-08,09:13:09,+   22.83
2026-05-08,09:13:14,+   22.93
2026-05-08,09:13:19,+   22.99
2026-05-08,09:13:24,+   23.07
2026-05-08,09:13:29,+   23.14
2026-05-08,09:13:34,+   23.26
2026-05-08,09:13:39,+   23.36
2026-05-08,09:13:44,+   23.46
2026-05-08,09:13:49,+   23.54
2026-05-08,09:13:54,+   23.64
2026-05-08,09:13:59,+   23.73
2026-05-08,09:14:04,+   23.83
2026-05-08,09:14:09,+   23.93
2026-05-08,09:14:14,+   24.01
2026-05-08,09:14:19,+   24.10
2026-05-08,09:14:24,+   24.19
2026-05-08,09:14:29,+   24.28
2026-05-08,09:14:34,+   24.37
2026-05-08,09:14:39,+   24.46
2026-05-08,09:14:44,+   24.56
2026-05-08,09:14:49,+   24.64
2026-05-08,09:14:54,+   24.71
2026-05-08,09:14:59,+   24.77
2026-05-08,09:15:04,+   24.87
2026-05-08,09:15:09,+   24.96
2026-05-08,09:15:14,+   25.04
2026-05-08,09:15:19,+   25.12
2026-05-08,09:15:24,+   25.23
2026-05-08,09:15:29,+   25.28
2026-05-08,09:15:34,+   25.38
2026-05-08,09:15:39,+   25.44
2026-05-08,09:15:44,+   25.52
2026-05-08,09:15:49,+   25.60
2026-05-08,09:15:54,+   25.70
2026-05-08,09:15:59,+   25.82
2026-05-08,09:16:04,+   25.92
2026-05-08,09:16:09,+   26.01
2026-05-08,09:16:14,+   26.08
2026-05-08,09:16:19,+   26.10
2026-05-08,09:16:24,+   26.16
2026-05-08,09:16:29,+   26.26
2026-05-08,09:16:34,+   26.37
2026-05-08,09:16:39,+   26.46
2026-05-08,09:16:44,+   26.56
2026-05-08,09:16:49,+   26.65
2026-05-08,09:16:54,+   26.72
2026-05-08,09:16:59,+   26.82
2026-05-08,09:17:04,+   26.91
2026-05-08,09:17:09,+   26.99
2026-05-08,09:17:14,+   27.08
2026-05-08,09:17:19,+   27.17
2026-05-08,09:17:24,+   27.26
2026-05-08,09:17:29,+   27.35
2026-05-08,09:17:34,+   27.43
2026-05-08,09:17:39,+   27.50
2026-05-08,09:17:44,+   27.51
2026-05-08,09:17:49,+   27.61
2026-05-08,09:17:54,+   27.70
2026-05-08,09:17:59,+   27.82
2026-05-08,09:18:04,+   27.90
2026-05-08,09:18:09,+   28.01
2026-05-08,09:18:14,+   28.12
2026-05-08,09:18:19,+   28.22
2026-05-08,09:18:24,+   28.29
2026-05-08,09:18:29,+   28.38
2026-05-08,09:18:34,+   28.44
2026-05-08,09:18:39,+   28.54
2026-05-08,09:18:44,+   28.59
2026-05-08,09:18:49,+   28.69
2026-05-08,09:18:54,+   28.78
2026-05-08,09:18:59,+   28.87
2026-05-08,09:19:04,+   28.95
2026-05-08,09:19:09,+   29.00
2026-05-08,09:19:14,+   29.10
2026-05-08,09:19:19,+   29.17
2026-05-08,09:19:24,+   29.24
2026-05-08,09:19:29,+   29.33
2026-05-08,09:19:34,+   29.42
2026-05-08,09:19:39,+   29.52
2026-05-08,09:19:44,+   29.65
2026-05-08,09:19:49,+   29.76
2026-05-08,09:19:54,+   29.85
2026-05-08,09:19:59,+   29.96
2026-05-08,09:20:04,+   30.05
2026-05-08,09:20:09,+   30.13
2026-05-08,09:20:14,+   30.21
2026-05-08,09:20:19,+   30.31
2026-05-08,09:20:24,+   30.39
2026-05-08,09:20:29,+   30.47
2026-05-08,09:20:34,+   30.55
2026-05-08,09:20:39,+   30.63
2026-05-08,09:20:44,+   30.70
2026-05-08,09:20:49,+   30.78
2026-05-08,09:20:54,+   30.83
2026-05-08,09:20:59,+   30.93
2026-05-08,09:21:04,+   30.99
2026-05-08,09:21:09,+   31.14
2026-05-08,09:21:14,+   31.29
2026-05-08,09:21:19,+   31.34
2026-05-08,09:21:24,+   31.40
2026-05-08,09:21:29,+   31.43
2026-05-08,09:21:34,+   31.54
2026-05-08,09:21:39,+   31.63
2026-05-08,09:21:44,+   31.70
2026-05-08,09:21:49,+   31.77
2026-05-08,09:21:54,+   31.88
2026-05-08,09:21:59,+   31.94
2026-05-08,09:22:04,+   31.96
2026-05-08,09:22:09,+   32.06
2026-05-08,09:22:14,+   32.15
2026-05-08,09:22:19,+   32.23
2026-05-08,09:22:24,+   32.33
2026-05-08,09:22:29,+   32.40
2026-05-08,09:22:34,+   32.50
2026-05-08,09:22:39,+   32.57
2026-05-08,09:22:44,+   32.66
2026-05-08,09:22:49,+   32.74
2026-05-08,09:22:54,+   32.82
2026-05-08,09:22:59,+   32.91
2026-05-08,09:23:04,+   33.00
2026-05-08,09:23:09,+   33.08
2026-05-08,09:23:14,+   33.17
2026-05-08,09:23:19,+   33.21
2026-05-08,09:23:24,+   33.29
2026-05-08,09:23:29,+   33.40
2026-05-08,09:23:34,+   33.51
2026-05-08,09:23:39,+   33.59
2026-05-08,09:23:44,+   33.66
2026-05-08,09:23:49,+   33.74
2026-05-08,09:23:54,+   33.81
2026-05-08,09:23:59,+   33.89
2026-05-08,09:24:04,+   33.97
2026-05-08,09:24:09,+   34.06
2026-05-08,09:24:14,+   34.16
2026-05-08,09:24:19,+   34.27
2026-05-08,09:24:24,+   34.37
2026-05-08,09:24:29,+   34.43
2026-05-08,09:24:34,+   34.53
2026-05-08,09:24:39,+   34.57
2026-05-08,09:24:44,+   34.66
2026-05-08,09:24:49,+   34.74
2026-05-08,09:24:54,+   34.85
2026-05-08,09:24:59,+   34.97
2026-05-08,09:25:04,+   35.06
2026-05-08,09:25:09,+   35.13
2026-05-08,09:25:14,+   35.20
2026-05-08,09:25:19,+   35.21
2026-05-08,09:25:24,+   35.30
2026-05-08,09:25:29,+   35.38
2026-05-08,09:25:34,+   35.50
2026-05-08,09:25:39,+   35.59
2026-05-08,09:25:44,+   35.66
2026-05-08,09:25:49,+   35.72
2026-05-08,09:25:54,+   35.87
2026-05-08,09:25:59,+   35.93
2026-05-08,09:26:04,+   35.97
2026-05-08,09:26:09,+   36.05
2026-05-08,09:26:14,+   36.15
2026-05-08,09:26:19,+   36.24
2026-05-08,09:26:24,+   36.33
2026-05-08,09:26:29,+   36.42
2026-05-08,09:26:34,+   36.52
2026-05-08,09:26:39,+   36.61
2026-05-08,09:26:44,+   36.71
2026-05-08,09:26:49,+   36.78
2026-05-08,09:26:54,+   36.85
2026-05-08,09:26:59,+   36.94
2026-05-08,09:27:04,+   36.97
2026-05-08,09:27:09,+   37.06
2026-05-08,09:27:14,+   37.17
2026-05-08,09:27:19,+   37.25
2026-05-08,09:27:24,+   37.34
2026-05-08,09:27:29,+   37.42
2026-05-08,09:27:34,+   37.50
2026-05-08,09:27:39,+   37.59
2026-05-08,09:27:44,+   37.65
2026-05-08,09:27:49,+   37.67
2026-05-08,09:27:54,+   37.76
2026-05-08,09:27:59,+   37.85
2026-05-08,09:28:04,+   37.95
2026-05-08,09:28:09,+   38.04
2026-05-08,09:28:14,+   38.14
2026-05-08,09:28:19,+   38.18
2026-05-08,09:28:24,+   38.26
2026-05-08,09:28:29,+   38.37
2026-05-08,09:28:34,+   38.46
2026-05-08,09:28:39,+   38.54
2026-05-08,09:28:44,+   38.61
2026-05-08,09:28:49,+   38.69
2026-05-08,09:28:54,+   38.79
2026-05-08,09:28:59,+   38.93
2026-05-08,09:29:04,+   39.02
2026-05-08,09:29:09,+   39.08
2026-05-08,09:29:14,+   39.13
2026-05-08,09:29:19,+   39.18
2026-05-08,09:29:24,+   39.27
2026-05-08,09:29:29,+   39.34
2026-05-08,09:29:34,+   39.45
2026-05-08,09:29:39,+   39.53
2026-05-08,09:29:44,+   39.62
2026-05-08,09:29:49,+   39.70
2026-05-08,09:29:54,+   39.75
2026-05-08,09:29:59,+   39.82
2026-05-08,09:30:04,+   39.86
2026-05-08,09:30:09,+   39.89
2026-05-08,09:30:14,+   39.95
2026-05-08,09:30:19,+   40.01
2026-05-08,09:30:24,+   40.07
2026-05-08,09:30:29,+   40.19
2026-05-08,09:30:34,+   40.27
2026-05-08,09:30:39,+   40.35
2026-05-08,09:30:44,+   40.42
2026-05-08,09:30:49,+   40.51
2026-05-08,09:30:54,+   40.58
2026-05-08,09:30:59,+   40.67
2026-05-08,09:31:04,+   40.74
2026-05-08,09:31:09,+   40.81
2026-05-08,09:31:14,+   40.88
2026-05-08,09:31:19,+   40.97
2026-05-08,09:31:24,+   41.04
2026-05-08,09:31:29,+   41.11
2026-05-08,09:31:34,+   41.18
2026-05-08,09:31:39,+   41.26
2026-05-08,09:31:44,+   41.39
2026-05-08,09:31:49,+   41.49
2026-05-08,09:31:54,+   41.56
2026-05-08,09:31:59,+   41.63
2026-05-08,09:32:04,+   41.72
2026-05-08,09:32:09,+   41.78
2026-05-08,09:32:14,+   41.87
2026-05-08,09:32:19,+   41.95
2026-05-08,09:32:24,+   42.02
2026-05-08,09:32:29,+   42.11
2026-05-08,09:32:34,+   42.21
2026-05-08,09:32:39,+   42.29
2026-05-08,09:32:44,+   42.37
2026-05-08,09:32:49,+   42.45
2026-05-08,09:32:54,+   42.52
2026-05-08,09:32:59,+   42.61
2026-05-08,09:33:04,+   42.70
2026-05-08,09:33:09,+   42.77
2026-05-08,09:33:14,+   42.86
2026-05-08,09:33:19,+   42.94
2026-05-08,09:33:24,+   43.03
2026-05-08,09:33:29,+   43.12
2026-05-08,09:33:34,+   43.21
2026-05-08,09:33:39,+   43.28
2026-05-08,09:33:44,+   43.35
2026-05-08,09:33:49,+   43.45
2026-05-08,09:33:54,+   43.51
2026-05-08,09:33:59,+   43.59
2026-05-08,09:34:04,+   43.65
2026-05-08,09:34:09,+   43.74
2026-05-08,09:34:14,+   43.80
2026-05-08,09:34:19,+   43.87
2026-05-08,09:34:24,+   43.92
2026-05-08,09:34:29,+   44.01
2026-05-08,09:34:34,+   44.09
2026-05-08,09:34:39,+   44.14
2026-05-08,09:34:44,+   44.24
2026-05-08,09:34:49,+   44.31
2026-05-08,09:34:54,+   44.40
2026-05-08,09:34:59,+   44.48
2026-05-08,09:35:04,+   44.56
2026-05-08,09:35:09,+   44.64
2026-05-08,09:35:14,+   44.71
2026-05-08,09:35:19,+   44.79
2026-05-08,09:35:24,+   44.87
2026-05-08,09:35:29,+   44.95
2026-05-08,09:35:34,+   45.04
2026-05-08,09:35:39,+   45.12
2026-05-08,09:35:44,+   45.20
2026-05-08,09:35:49,+   45.25
2026-05-08,09:35:54,+   45.33
2026-05-08,09:35:59,+   45.42
2026-05-08,09:36:04,+   45.50
2026-05-08,09:36:09,+   45.56
2026-05-08,09:36:14,+   45.64
2026-05-08,09:36:19,+   45.72
2026-05-08,09:36:24,+   45.80
2026-05-08,09:36:29,+   45.86
2026-05-08,09:36:34,+   45.93
2026-05-08,09:36:39,+   46.01
2026-05-08,09:36:44,+   46.09
2026-05-08,09:36:49,+   46.17
2026-05-08,09:36:54,+   46.26
2026-05-08,09:36:59,+   46.35
2026-05-08,09:37:04,+   46.43
2026-05-08,09:37:09,+   46.52
2026-05-08,09:37:14,+   46.59
2026-05-08,09:37:19,+   46.66
2026-05-08,09:37:24,+   46.72
2026-05-08,09:37:29,+   46.80
2026-05-08,09:37:34,+   46.86
2026-05-08,09:37:39,+   46.95
2026-05-08,09:37:44,+   47.02
2026-05-08,09:37:49,+   47.08
2026-05-08,09:37:54,+   47.17
2026-05-08,09:37:59,+   47.24
2026-05-08,09:38:04,+   47.31
2026-05-08,09:38:09,+   47.39
2026-05-08,09:38:14,+   47.49
2026-05-08,09:38:19,+   47.55
2026-05-08,09:38:24,+   47.64
2026-05-08,09:38:29,+   47.71
2026-05-08,09:38:34,+   47.78
2026-05-08,09:38:39,+   47.86
2026-05-08,09:38:44,+   47.95
2026-05-08,09:38:49,+   48.05
2026-05-08,09:38:54,+   48.13
2026-05-08,09:38:59,+   48.20
2026-05-08,09:39:04,+   48.29
2026-05-08,09:39:09,+   48.37
2026-05-08,09:39:14,+   48.44
2026-05-08,09:39:19,+   48.52
2026-05-08,09:39:24,+   48.61
2026-05-08,09:39:29,+   48.68
2026-05-08,09:39:34,+   48.75
2026-05-08,09:39:39,+   48.80
2026-05-08,09:39:44,+   48.89
2026-05-08,09:39:49,+   48.97
2026-05-08,09:39:54,+   49.03
2026-05-08,09:39:59,+   49.13
2026-05-08,09:40:04,+   49.22
2026-05-08,09:40:09,+   49.27
2026-05-08,09:40:14,+   49.36
2026-05-08,09:40:19,+   49.44
2026-05-08,09:40:24,+   49.49
2026-05-08,09:40:29,+   49.56
2026-05-08,09:40:34,+   49.63
2026-05-08,09:40:39,+   49.71
2026-05-08,09:40:44,+   49.81
2026-05-08,09:40:49,+   49.89
2026-05-08,09:40:54,+   49.96
2026-05-08,09:40:59,+   50.04
2026-05-08,09:41:04,+   50.14
2026-05-08,09:41:09,+   50.23
2026-05-08,09:41:14,+   50.32
2026-05-08,09:41:19,+   50.39
2026-05-08,09:41:24,+   50.47
2026-05-08,09:41:29,+   50.57
2026-05-08,09:41:34,+   50.64
2026-05-08,09:41:39,+   50.72
2026-05-08,09:41:44,+   50.81
2026-05-08,09:41:49,+   50.90
2026-05-08,09:41:54,+   50.97
2026-05-08,09:41:59,+   51.05
2026-05-08,09:42:04,+   51.11
2026-05-08,09:42:09,+   51.20
2026-05-08,09:42:14,+   51.27
2026-05-08,09:42:19,+   51.34
2026-05-08,09:42:24,+   51.42
2026-05-08,09:42:29,+   51.49
2026-05-08,09:42:34,+   51.58
2026-05-08,09:42:39,+   51.61
2026-05-08,09:42:44,+   51.69
2026-05-08,09:42:49,+   51.76
2026-05-08,09:42:54,+   51.84
2026-05-08,09:42:59,+   51.93
2026-05-08,09:43:04,+   52.02
2026-05-08,09:43:09,+   52.08
2026-05-08,09:43:14,+   52.19
2026-05-08,09:43:19,+   52.28
2026-05-08,09:43:24,+   52.37
2026-05-08,09:43:29,+   52.46
2026-05-08,09:43:34,+   52.54
2026-05-08,09:43:39,+   52.66
2026-05-08,09:43:44,+   52.72
2026-05-08,09:43:49,+   52.77
2026-05-08,09:43:54,+   52.84
2026-05-08,09:43:59,+   52.91
2026-05-08,09:44:04,+   52.99
2026-05-08,09:44:09,+   53.06
2026-05-08,09:44:14,+   53.14
2026-05-08,09:44:19,+   53.21
2026-05-08,09:44:24,+   53.29
2026-05-08,09:44:29,+   53.35
2026-05-08,09:44:34,+   53.43
2026-05-08,09:44:39,+   53.51
2026-05-08,09:44:44,+   53.58
2026-05-08,09:44:49,+   53.66
2026-05-08,09:44:54,+   53.76
2026-05-08,09:44:59,+   53.81
2026-05-08,09:45:04,+   53.90
2026-05-08,09:45:09,+   53.99
2026-05-08,09:45:14,+   54.08
2026-05-08,09:45:19,+   54.15
2026-05-08,09:45:24,+   54.24
2026-05-08,09:45:29,+   54.29
2026-05-08,09:45:34,+   54.41
2026-05-08,09:45:39,+   54.48
2026-05-08,09:45:44,+   54.54
2026-05-08,09:45:49,+   54.67
2026-05-08,09:45:54,+   54.76
2026-05-08,09:45:59,+   54.83
2026-05-08,09:46:04,+   54.90
2026-05-08,09:46:09,+   54.95
2026-05-08,09:46:14,+   55.07
2026-05-08,09:46:19,+   55.10
2026-05-08,09:46:24,+   55.14
2026-05-08,09:46:29,+   55.23
2026-05-08,09:46:34,+   55.31
2026-05-08,09:46:39,+   55.39
2026-05-08,09:46:44,+   55.46
2026-05-08,09:46:49,+   55.57
2026-05-08,09:46:54,+   55.67
2026-05-08,09:46:59,+   55.72
2026-05-08,09:47:04,+   55.82
2026-05-08,09:47:09,+   55.90
2026-05-08,09:47:14,+   55.97
2026-05-08,09:47:19,+   56.06
2026-05-08,09:47:24,+   56.14
2026-05-08,09:47:29,+   56.20
2026-05-08,09:47:34,+   56.26
2026-05-08,09:47:39,+   56.39
2026-05-08,09:47:44,+   56.44
2026-05-08,09:47:49,+   56.51
2026-05-08,09:47:54,+   56.65
2026-05-08,09:47:59,+   56.77
2026-05-08,09:48:04,+   56.83
2026-05-08,09:48:09,+   56.85
2026-05-08,09:48:14,+   56.97
2026-05-08,09:48:19,+   57.06
2026-05-08,09:48:24,+   57.09
2026-05-08,09:48:29,+   57.19
2026-05-08,09:48:34,+   57.27
2026-05-08,09:48:39,+   57.29
2026-05-08,09:48:44,+   57.37
2026-05-08,09:48:49,+   57.45
2026-05-08,09:48:54,+   57.53
2026-05-08,09:48:59,+   57.63
2026-05-08,09:49:04,+   57.71
2026-05-08,09:49:09,+   57.80
2026-05-08,09:49:14,+   57.87
2026-05-08,09:49:19,+   57.94
2026-05-08,09:49:24,+   58.01
2026-05-08,09:49:29,+   58.09
2026-05-08,09:49:34,+   58.18
2026-05-08,09:49:39,+   58.25
2026-05-08,09:49:44,+   58.32
2026-05-08,09:49:49,+   58.39
2026-05-08,09:49:54,+   58.49
2026-05-08,09:49:59,+   58.63
2026-05-08,09:50:04,+   58.69
2026-05-08,09:50:09,+   58.79
2026-05-08,09:50:14,+   58.87
2026-05-08,09:50:19,+   58.93
2026-05-08,09:50:24,+   59.01
2026-05-08,09:50:29,+   59.09
2026-05-08,09:50:34,+   59.15
2026-05-08,09:50:39,+   59.22
2026-05-08,09:50:44,+   59.32
2026-05-08,09:50:49,+   59.34
2026-05-08,09:50:54,+   59.39
2026-05-08,09:50:59,+   59.49
2026-05-08,09:51:04,+   59.58
2026-05-08,09:51:09,+   59.64
2026-05-08,09:51:14,+   59.73
2026-05-08,09:51:19,+   59.81
2026-05-08,09:51:24,+   59.90
2026-05-08,09:51:29,+   59.98
2026-05-08,09:51:34,+   60.09
2026-05-08,09:51:39,+   60.15
2026-05-08,09:51:44,+   60.16
2026-05-08,09:51:49,+   60.31
2026-05-08,09:51:54,+   60.38
2026-05-08,09:51:59,+   60.42
2026-05-08,09:52:04,+   60.49
2026-05-08,09:52:09,+   60.54
2026-05-08,09:52:14,+   60.65
2026-05-08,09:52:19,+   60.70
2026-05-08,09:52:24,+   60.79
2026-05-08,09:52:28,+   60.85
2026-05-08,09:52:34,+   60.98
2026-05-08,09:52:39,+   61.07
2026-05-08,09:52:44,+   61.15
2026-05-08,09:52:49,+   61.24
2026-05-08,09:52:54,+   61.31
2026-05-08,09:52:59,+   61.39
2026-05-08,09:53:04,+   61.47
2026-05-08,09:53:09,+   61.53
2026-05-08,09:53:13,+   61.64
2026-05-08,09:53:19,+   61.72
2026-05-08,09:53:24,+   61.80
2026-05-08,09:53:29,+   61.88
2026-05-08,09:53:34,+   61.96
2026-05-08,09:53:39,+   62.03
2026-05-08,09:53:44,+   62.13
2026-05-08,09:53:49,+   62.20
2026-05-08,09:53:54,+   62.31
2026-05-08,09:53:58,+   62.38
2026-05-08,09:54:04,+   62.46
2026-05-08,09:54:09,+   62.54
2026-05-08,09:54:14,+   62.62
2026-05-08,09:54:19,+   62.68
2026-05-08,09:54:24,+   62.69
2026-05-08,09:54:29,+   62.78
2026-05-08,09:54:34,+   62.84
2026-05-08,09:54:39,+   62.95
2026-05-08,09:54:43,+   63.01
2026-05-08,09:54:49,+   63.10
2026-05-08,09:54:54,+   63.18
2026-05-08,09:54:59,+   63.25
2026-05-08,09:55:04,+   63.36
2026-05-08,09:55:09,+   63.43
2026-05-08,09:55:14,+   63.51
2026-05-08,09:55:19,+   63.60
2026-05-08,09:55:23,+   63.66
2026-05-08,09:55:29,+   63.76
2026-05-08,09:55:34,+   63.81
2026-05-08,09:55:39,+   63.90
2026-05-08,09:55:44,+   63.98
2026-05-08,09:55:49,+   64.05
2026-05-08,09:55:54,+   64.14
2026-05-08,09:55:59,+   64.22
2026-05-08,09:56:04,+   64.23
2026-05-08,09:56:08,+   64.30
2026-05-08,09:56:14,+   64.37
2026-05-08,09:56:19,+   64.47
2026-05-08,09:56:24,+   64.54
2026-05-08,09:56:28,+   64.64
2026-05-08,09:56:33,+   64.70
2026-05-08,09:56:39,+   64.79
2026-05-08,09:56:44,+   64.86
2026-05-08,09:56:49,+   64.96
2026-05-08,09:56:54,+   65.05
2026-05-08,09:56:59,+   65.14
2026-05-08,09:57:04,+   65.25
2026-05-08,09:57:09,+   65.35
2026-05-08,09:57:13,+   65.42
2026-05-08,09:57:19,+   65.48
2026-05-08,09:57:24,+   65.61
2026-05-08,09:57:29,+   65.69
2026-05-08,09:57:34,+   65.76
2026-05-08,09:57:39,+   65.83
2026-05-08,09:57:44,+   65.95
2026-05-08,09:57:49,+   65.97
2026-05-08,09:57:54,+   66.10
2026-05-08,09:57:58,+   66.16
2026-05-08,09:58:04,+   66.24
2026-05-08,09:58:09,+   66.33
2026-05-08,09:58:14,+   66.39
2026-05-08,09:58:19,+   66.44
2026-05-08,09:58:24,+   66.50
2026-05-08,09:58:29,+   66.57
2026-05-08,09:58:34,+   66.65
2026-05-08,09:58:39,+   66.74
2026-05-08,09:58:43,+   66.81
2026-05-08,09:58:49,+   66.89
2026-05-08,09:58:54,+   66.96
2026-05-08,09:58:59,+   67.04
2026-05-08,09:59:03,+   67.08
2026-05-08,09:59:09,+   67.18
2026-05-08,09:59:14,+   67.27
2026-05-08,09:59:19,+   67.38
2026-05-08,09:59:23,+   67.45
2026-05-08,09:59:28,+   67.52
2026-05-08,09:59:34,+   67.58
2026-05-08,09:59:39,+   67.60
2026-05-08,09:59:44,+   67.80
2026-05-08,09:59:48,+   67.82
2026-05-08,09:59:54,+   67.90
2026-05-08,09:59:59,+   67.99
2026-05-08,10:00:04,+   68.07
2026-05-08,10:00:08,+   68.14
2026-05-08,10:00:13,+   68.19
2026-05-08,10:00:19,+   68.28
2026-05-08,10:00:24,+   68.37
2026-05-08,10:00:29,+   68.45
2026-05-08,10:00:34,+   68.52
2026-05-08,10:00:39,+   68.61
2026-05-08,10:00:44,+   68.68
2026-05-08,10:00:49,+   68.78
2026-05-08,10:00:53,+   68.84
2026-05-08,10:00:58,+   68.94
2026-05-08,10:01:04,+   69.00
2026-05-08,10:01:09,+   69.09
2026-05-08,10:01:14,+   69.16
2026-05-08,10:01:19,+   69.24
2026-05-08,10:01:24,+   69.27
2026-05-08,10:01:29,+   69.31
2026-05-08,10:01:34,+   69.39
2026-05-08,10:01:38,+   69.48
2026-05-08,10:01:44,+   69.54
2026-05-08,10:01:49,+   69.65
2026-05-08,10:01:54,+   69.72
2026-05-08,10:01:59,+   69.80
2026-05-08,10:02:04,+   69.87
2026-05-08,10:02:09,+   69.97
2026-05-08,10:02:14,+   70.03
2026-05-08,10:02:18,+   70.14
2026-05-08,10:02:23,+   70.21
2026-05-08,10:02:29,+   70.31
2026-05-08,10:02:34,+   70.38
2026-05-08,10:02:39,+   70.46
2026-05-08,10:02:44,+   70.54
2026-05-08,10:02:49,+   70.64
2026-05-08,10:02:54,+   70.71
2026-05-08,10:02:59,+   70.78
2026-05-08,10:03:03,+   70.90
2026-05-08,10:03:08,+   70.97
2026-05-08,10:03:14,+   71.06
2026-05-08,10:03:19,+   71.17
2026-05-08,10:03:24,+   71.24
2026-05-08,10:03:29,+   71.39
2026-05-08,10:03:34,+   71.48
2026-05-08,10:03:39,+   71.49
2026-05-08,10:03:44,+   71.60
2026-05-08,10:03:49,+   71.66
2026-05-08,10:03:54,+   71.73
2026-05-08,10:03:59,+   71.89
2026-05-08,10:04:04,+   71.95
2026-05-08,10:04:08,+   71.98
2026-05-08,10:04:13,+   72.06
2026-05-08,10:04:19,+   72.13
2026-05-08,10:04:24,+   72.25
2026-05-08,10:04:29,+   72.32
2026-05-08,10:04:33,+   72.34
2026-05-08,10:04:38,+   72.41
2026-05-08,10:04:44,+   72.48
2026-05-08,10:04:49,+   72.59
2026-05-08,10:04:54,+   72.64
2026-05-08,10:04:58,+   72.73
2026-05-08,10:05:04,+   72.83
2026-05-08,10:05:09,+   72.88
2026-05-08,10:05:14,+   72.99
2026-05-08,10:05:19,+   73.04
2026-05-08,10:05:24,+   73.14
2026-05-08,10:05:29,+   73.21
2026-05-08,10:05:34,+   73.32
2026-05-08,10:05:38,+   73.37
2026-05-08,10:05:43,+   73.41
2026-05-08,10:05:49,+   73.55
2026-05-08,10:05:54,+   73.62
2026-05-08,10:05:59,+   73.72
2026-05-08,10:06:04,+   73.81
2026-05-08,10:06:09,+   73.87
2026-05-08,10:06:14,+   73.97
2026-05-08,10:06:18,+   74.06
2026-05-08,10:06:23,+   74.14
2026-05-08,10:06:28,+   74.22
2026-05-08,10:06:34,+   74.30
2026-05-08,10:06:39,+   74.43
2026-05-08,10:06:43,+   74.42
2026-05-08,10:06:48,+   74.54
2026-05-08,10:06:54,+   74.60
2026-05-08,10:06:59,+   74.69
2026-05-08,10:07:03,+   74.73
2026-05-08,10:07:08,+   74.89
2026-05-08,10:07:13,+   74.95
2026-05-08,10:07:19,+   75.10
2026-05-08,10:07:24,+   75.13
2026-05-08,10:07:29,+   75.15
2026-05-08,10:07:34,+   75.24
2026-05-08,10:07:39,+   75.35
2026-05-08,10:07:44,+   75.40
2026-05-08,10:07:48,+   75.46
2026-05-08,10:07:53,+   75.57
2026-05-08,10:07:58,+   75.62
2026-05-08,10:08:04,+   75.75
2026-05-08,10:08:08,+   75.80
2026-05-08,10:08:13,+   75.92
2026-05-08,10:08:18,+   75.98
2026-05-08,10:08:24,+   76.07
2026-05-08,10:08:29,+   76.12
2026-05-08,10:08:34,+   76.23
2026-05-08,10:08:39,+   76.30
2026-05-08,10:08:44,+   76.38
2026-05-08,10:08:49,+   76.47
2026-05-08,10:08:53,+   76.50
2026-05-08,10:08:58,+   76.64
2026-05-08,10:09:03,+   76.67
2026-05-08,10:09:09,+   76.75
2026-05-08,10:09:14,+   76.79
2026-05-08,10:09:19,+   76.92
2026-05-08,10:09:24,+   76.97
2026-05-08,10:09:29,+   77.09
2026-05-08,10:09:34,+   77.13
2026-05-08,10:09:38,+   77.23
2026-05-08,10:09:43,+   77.30
2026-05-08,10:09:48,+   77.34
2026-05-08,10:09:54,+   77.47
2026-05-08,10:09:59,+   77.49
2026-05-08,10:10:04,+   77.66
2026-05-08,10:10:09,+   77.67
2026-05-08,10:10:14,+   77.69
2026-05-08,10:10:19,+   77.77
2026-05-08,10:10:23,+   77.85
2026-05-08,10:10:28,+   77.94
2026-05-08,10:10:34,+   77.99
2026-05-08,10:10:39,+   78.10
2026-05-08,10:10:44,+   78.17
2026-05-08,10:10:49,+   78.28
2026-05-08,10:10:54,+   78.35
2026-05-08,10:10:59,+   78.41
2026-05-08,10:11:03,+   78.54
2026-05-08,10:11:08,+   78.58
2026-05-08,10:11:13,+   78.70
2026-05-08,10:11:19,+   78.76
2026-05-08,10:11:24,+   78.85
2026-05-08,10:11:29,+   78.95
2026-05-08,10:11:34,+   79.03
2026-05-08,10:11:39,+   79.14
2026-05-08,10:11:44,+   79.21
2026-05-08,10:11:48,+   79.26
2026-05-08,10:11:53,+   79.39
2026-05-08,10:11:58,+   79.42
2026-05-08,10:12:04,+   79.54
2026-05-08,10:12:09,+   79.61
2026-05-08,10:12:14,+   79.66
2026-05-08,10:12:19,+   79.77
2026-05-08,10:12:24,+   79.80
2026-05-08,10:12:29,+   79.96
2026-05-08,10:12:33,+   79.96
2026-05-08,10:12:38,+   80.11
2026-05-08,10:12:43,+   80.20
2026-05-08,10:12:49,+   80.29
2026-05-08,10:12:54,+   80.31
2026-05-08,10:12:59,+   80.36
2026-05-08,10:13:04,+   80.42
2026-05-08,10:13:09,+   80.55
2026-05-08,10:13:14,+   80.62
2026-05-08,10:13:18,+   80.71
2026-05-08,10:13:23,+   80.77
2026-05-08,10:13:28,+   80.84
2026-05-08,10:13:34,+   80.96
2026-05-08,10:13:39,+   81.02
2026-05-08,10:13:44,+   81.13
2026-05-08,10:13:49,+   81.19
2026-05-08,10:13:54,+   81.30
2026-05-08,10:13:58,+   81.38
2026-05-08,10:14:03,+   81.45
2026-05-08,10:14:08,+   81.56
2026-05-08,10:14:13,+   81.63
2026-05-08,10:14:19,+   81.72
2026-05-08,10:14:24,+   81.82
2026-05-08,10:14:29,+   81.87
2026-05-08,10:14:34,+   82.00
2026-05-08,10:14:39,+   82.07
2026-05-08,10:14:43,+   82.14
2026-05-08,10:14:48,+   82.27
2026-05-08,10:14:53,+   82.31
2026-05-08,10:14:59,+   82.42
2026-05-08,10:15:04,+   82.44
2026-05-08,10:15:09,+   82.55
2026-05-08,10:15:14,+   82.64
2026-05-08,10:15:19,+   82.67
2026-05-08,10:15:24,+   82.82
2026-05-08,10:15:28,+   82.90
2026-05-08,10:15:33,+   82.91
2026-05-08,10:15:38,+   82.99
2026-05-08,10:15:43,+   83.08
2026-05-08,10:15:49,+   83.20
2026-05-08,10:15:54,+   83.27
2026-05-08,10:15:59,+   83.30
2026-05-08,10:16:04,+   83.43
2026-05-08,10:16:09,+   83.55
2026-05-08,10:16:13,+   83.60
2026-05-08,10:16:18,+   83.73
2026-05-08,10:16:23,+   83.73
2026-05-08,10:16:29,+   83.80
2026-05-08,10:16:34,+   83.87
2026-05-08,10:16:39,+   83.95
2026-05-08,10:16:44,+   84.06
2026-05-08,10:16:49,+   84.17
2026-05-08,10:16:53,+   84.22
2026-05-08,10:16:58,+   84.33
2026-05-08,10:17:03,+   84.36
2026-05-08,10:17:08,+   84.48
2026-05-08,10:17:14,+   84.54
2026-05-08,10:17:19,+   84.62
2026-05-08,10:17:24,+   84.76
2026-05-08,10:17:29,+   84.79
2026-05-08,10:17:34,+   84.86
2026-05-08,10:17:38,+   84.90
2026-05-08,10:17:43,+   85.05
2026-05-08,10:17:48,+   85.20
2026-05-08,10:17:53,+   85.20
2026-05-08,10:17:59,+   85.33
2026-05-08,10:18:04,+   85.36
2026-05-08,10:18:09,+   85.44
2026-05-08,10:18:14,+   85.55
2026-05-08,10:18:19,+   85.64
2026-05-08,10:18:23,+   85.73
2026-05-08,10:18:28,+   85.82
2026-05-08,10:18:33,+   85.84
2026-05-08,10:18:38,+   85.94
2026-05-08,10:18:44,+   85.98
2026-05-08,10:18:49,+   86.10
2026-05-08,10:18:54,+   86.11
2026-05-08,10:18:59,+   86.25
2026-05-08,10:19:03,+   86.27
2026-05-08,10:19:08,+   86.38
2026-05-08,10:19:13,+   86.44
2026-05-08,10:19:18,+   86.56
2026-05-08,10:19:24,+   86.60
2026-05-08,10:19:29,+   86.64
2026-05-08,10:19:34,+   86.71
2026-05-08,10:19:39,+   86.83
2026-05-08,10:19:44,+   86.89
2026-05-08,10:19:48,+   87.01
2026-05-08,10:19:53,+   87.08
2026-05-08,10:19:58,+   87.09
2026-05-08,10:20:03,+   87.16
2026-05-08,10:20:09,+   87.30
2026-05-08,10:20:14,+   87.36
2026-05-08,10:20:19,+   87.48
2026-05-08,10:20:24,+   87.58
2026-05-08,10:20:29,+   87.68
2026-05-08,10:20:33,+   87.68
2026-05-08,10:20:38,+   87.82
2026-05-08,10:20:43,+   87.85
2026-05-08,10:20:48,+   87.87
2026-05-08,10:20:53,+   87.95
2026-05-08,10:20:59,+   88.10
2026-05-08,10:21:04,+   88.16
2026-05-08,10:21:09,+   88.27
2026-05-08,10:21:14,+   88.35
2026-05-08,10:21:18,+   88.47
2026-05-08,10:21:23,+   88.51
2026-05-08,10:21:28,+   88.61
2026-05-08,10:21:33,+   88.66
2026-05-08,10:21:39,+   88.70
2026-05-08,10:21:44,+   88.75
2026-05-08,10:21:49,+   88.85
2026-05-08,10:21:54,+   88.94
2026-05-08,10:21:58,+   89.04
2026-05-08,10:22:03,+   89.12
2026-05-08,10:22:08,+   89.20
2026-05-08,10:22:13,+   89.26
2026-05-08,10:22:18,+   89.38
2026-05-08,10:22:24,+   89.46
2026-05-08,10:22:29,+   89.51
2026-05-08,10:22:34,+   89.57
2026-05-08,10:22:39,+   89.65
2026-05-08,10:22:43,+   89.74
2026-05-08,10:22:48,+   89.82
2026-05-08,10:22:53,+   89.89
2026-05-08,10:22:58,+   89.95
2026-05-08,10:23:03,+   90.07
2026-05-08,10:23:09,+   90.16
2026-05-08,10:23:14,+   90.24
2026-05-08,10:23:19,+   90.31
2026-05-08,10:23:24,+   90.39
2026-05-08,10:23:28,+   90.46
2026-05-08,10:23:33,+   90.52
2026-05-08,10:23:38,+   90.56
2026-05-08,10:23:43,+   90.61
2026-05-08,10:23:48,+   90.72
2026-05-08,10:23:54,+   90.79
2026-05-08,10:23:59,+   90.91
2026-05-08,10:24:04,+   91.01
2026-05-08,10:24:09,+   91.07
2026-05-08,10:24:13,+   91.18
2026-05-08,10:24:18,+   91.22
2026-05-08,10:24:23,+   91.33
2026-05-08,10:24:28,+   91.37
2026-05-08,10:24:33,+   91.46
2026-05-08,10:24:39,+   91.53
2026-05-08,10:24:44,+   91.63
2026-05-08,10:24:49,+   91.68
2026-05-08,10:24:53,+   91.80
2026-05-08,10:24:58,+   91.84
2026-05-08,10:25:03,+   91.95
2026-05-08,10:25:08,+   92.05
2026-05-08,10:25:13,+   92.10
2026-05-08,10:25:19,+   92.21
2026-05-08,10:25:24,+   92.26
2026-05-08,10:25:29,+   92.35
2026-05-08,10:25:34,+   92.45
2026-05-08,10:25:38,+   92.51
2026-05-08,10:25:43,+   92.62
2026-05-08,10:25:48,+   92.71
2026-05-08,10:25:53,+   92.75
2026-05-08,10:25:58,+   92.88
2026-05-08,10:26:04,+   92.98
2026-05-08,10:26:09,+   93.04
2026-05-08,10:26:14,+   93.10
2026-05-08,10:26:19,+   93.22
2026-05-08,10:26:23,+   93.25
2026-05-08,10:26:28,+   93.37
2026-05-08,10:26:33,+   93.42
2026-05-08,10:26:38,+   93.49
2026-05-08,10:26:43,+   93.61
2026-05-08,10:26:49,+   93.64
2026-05-08,10:26:54,+   93.68
2026-05-08,10:26:59,+   93.73
2026-05-08,10:27:04,+   93.83
2026-05-08,10:27:08,+   93.89
2026-05-08,10:27:13,+   93.99
2026-05-08,10:27:18,+   94.08
2026-05-08,10:27:23,+   94.14
2026-05-08,10:27:28,+   94.25
2026-05-08,10:27:34,+   94.31
2026-05-08,10:27:39,+   94.39
2026-05-08,10:27:44,+   94.47
2026-05-08,10:27:48,+   94.59
2026-05-08,10:27:53,+   94.64
2026-05-08,10:27:58,+   94.74
2026-05-08,10:28:03,+   94.83
2026-05-08,10:28:08,+   94.91
2026-05-08,10:28:13,+   95.03
2026-05-08,10:28:19,+   95.09
2026-05-08,10:28:24,+   95.18
2026-05-08,10:28:29,+   95.25
2026-05-08,10:28:33,+   95.31
2026-05-08,10:28:38,+   95.41
2026-05-08,10:28:43,+   95.51
2026-05-08,10:28:48,+   95.54
2026-05-08,10:28:53,+   95.60
2026-05-08,10:28:58,+   95.65
2026-05-08,10:29:04,+   95.76
2026-05-08,10:29:09,+   95.86
2026-05-08,10:29:14,+   95.91
2026-05-08,10:29:18,+   96.02
2026-05-08,10:29:23,+   96.13
2026-05-08,10:29:28,+   96.22
2026-05-08,10:29:33,+   96.30
2026-05-08,10:29:38,+   96.36
2026-05-08,10:29:44,+   96.41
2026-05-08,10:29:49,+   96.51
2026-05-08,10:29:54,+   96.59
2026-05-08,10:29:59,+   96.68
2026-05-08,10:30:03,+   96.77
2026-05-08,10:30:08,+   96.79
2026-05-08,10:30:13,+   96.91
2026-05-08,10:30:18,+   97.02
2026-05-08,10:30:23,+   97.08
2026-05-08,10:30:29,+   97.15
2026-05-08,10:30:34,+   97.27
2026-05-08,10:30:39,+   97.31
2026-05-08,10:30:43,+   97.39
2026-05-08,10:30:48,+   97.51
2026-05-08,10:30:53,+   97.63
2026-05-08,10:30:58,+   97.73
2026-05-08,10:31:03,+   97.79
2026-05-08,10:31:08,+   97.88
2026-05-08,10:31:14,+   97.99
2026-05-08,10:31:19,+   98.06
2026-05-08,10:31:24,+   98.17
2026-05-08,10:31:28,+   98.23
2026-05-08,10:31:33,+   98.35
2026-05-08,10:31:38,+   98.45
2026-05-08,10:31:43,+   98.51
2026-05-08,10:31:48,+   98.63
2026-05-08,10:31:53,+   98.70
2026-05-08,10:31:59,+   98.76
2026-05-08,10:32:04,+   98.84
2026-05-08,10:32:09,+   98.93
2026-05-08,10:32:13,+   98.99
2026-05-08,10:32:18,+   99.07
2026-05-08,10:32:23,+   99.16
2026-05-08,10:32:28,+   99.20
2026-05-08,10:32:33,+   99.27
2026-05-08,10:32:38,+   99.35
2026-05-08,10:32:44,+   99.48
2026-05-08,10:32:49,+   99.52
2026-05-08,10:32:54,+   99.65
2026-05-08,10:32:58,+   99.69
2026-05-08,10:33:03,+   99.79
2026-05-08,10:33:08,+   99.83
2026-05-08,10:33:13,+   99.92
2026-05-08,10:33:18,+  100.00
2026-05-08,10:33:23,+  100.10
2026-05-08,10:33:29,+  100.15
2026-05-08,10:33:34,+  100.27
2026-05-08,10:33:38,+  100.32
2026-05-08,10:33:43,+  100.37
2026-05-08,10:33:48,+  100.42
2026-05-08,10:33:53,+  100.46
2026-05-08,10:33:58,+  100.59
2026-05-08,10:34:03,+  100.70
2026-05-08,10:34:09,+  100.78
2026-05-08,10:34:14,+  100.89
2026-05-08,10:34:19,+  100.96
2026-05-08,10:34:23,+  101.08
2026-05-08,10:34:28,+  101.18
2026-05-08,10:34:33,+  101.20
2026-05-08,10:34:38,+  101.29
2026-05-08,10:34:43,+  101.35
2026-05-08,10:34:48,+  101.43
2026-05-08,10:34:53,+  101.51
2026-05-08,10:34:59,+  101.62
2026-05-08,10:35:04,+  101.66
2026-05-08,10:35:08,+  101.75
2026-05-08,10:35:13,+  101.83
2026-05-08,10:35:18,+  101.93
2026-05-08,10:35:23,+  102.00
2026-05-08,10:35:28,+  102.11
2026-05-08,10:35:33,+  102.23
2026-05-08,10:35:38,+  102.27
2026-05-08,10:35:44,+  102.35
2026-05-08,10:35:49,+  102.46
2026-05-08,10:35:53,+  102.47
2026-05-08,10:35:58,+  102.60
2026-05-08,10:36:03,+  102.69
2026-05-08,10:36:08,+  102.81
2026-05-08,10:36:13,+  102.83
2026-05-08,10:36:18,+  102.95
2026-05-08,10:36:24,+  102.95
2026-05-08,10:36:29,+  103.11
2026-05-08,10:36:33,+  103.17
2026-05-08,10:36:38,+  103.24
2026-05-08,10:36:43,+  103.28
2026-05-08,10:36:48,+  103.35
2026-05-08,10:36:53,+  103.46
2026-05-08,10:36:58,+  103.59
2026-05-08,10:37:03,+  103.60
2026-05-08,10:37:09,+  103.73
2026-05-08,10:37:14,+  103.81
2026-05-08,10:37:18,+  103.86
2026-05-08,10:37:23,+  103.99
2026-05-08,10:37:28,+  104.05
2026-05-08,10:37:33,+  104.14
2026-05-08,10:37:38,+  104.17
2026-05-08,10:37:43,+  104.24
2026-05-08,10:37:48,+  104.34
2026-05-08,10:37:54,+  104.41
2026-05-08,10:37:59,+  104.51
2026-05-08,10:38:03,+  104.59
2026-05-08,10:38:08,+  104.64
2026-05-08,10:38:13,+  104.71
2026-05-08,10:38:18,+  104.81
2026-05-08,10:38:23,+  104.90
2026-05-08,10:38:28,+  105.01
2026-05-08,10:38:33,+  105.05
2026-05-08,10:38:39,+  105.15
2026-05-08,10:38:44,+  105.22
2026-05-08,10:38:48,+  105.29
2026-05-08,10:38:53,+  105.40
2026-05-08,10:38:58,+  105.47
2026-05-08,10:39:03,+  105.57
2026-05-08,10:39:08,+  105.69
2026-05-08,10:39:13,+  105.72
2026-05-08,10:39:18,+  105.75
2026-05-08,10:39:23,+  105.83
2026-05-08,10:39:28,+  105.93
2026-05-08,10:39:33,+  106.00
2026-05-08,10:39:38,+  106.11
2026-05-08,10:39:43,+  106.19
2026-05-08,10:39:48,+  106.32
2026-05-08,10:39:53,+  106.37
2026-05-08,10:39:58,+  106.50
2026-05-08,10:40:03,+  106.55
2026-05-08,10:40:08,+  106.60
2026-05-08,10:40:13,+  106.65
2026-05-08,10:40:18,+  106.71
2026-05-08,10:40:23,+  106.81
2026-05-08,10:40:28,+  106.89
2026-05-08,10:40:33,+  106.98
2026-05-08,10:40:38,+  107.06
2026-05-08,10:40:43,+  107.13
2026-05-08,10:40:49,+  107.24
2026-05-08,10:40:54,+  107.34
2026-05-08,10:40:58,+  107.42
2026-05-08,10:41:03,+  107.51
2026-05-08,10:41:08,+  107.55
2026-05-08,10:41:13,+  107.67
2026-05-08,10:41:18,+  107.76
2026-05-08,10:41:23,+  107.84
2026-05-08,10:41:28,+  107.89
2026-05-08,10:41:33,+  108.05
2026-05-08,10:41:38,+  108.08
2026-05-08,10:41:43,+  108.19
2026-05-08,10:41:48,+  108.25
2026-05-08,10:41:53,+  108.37
2026-05-08,10:41:59,+  108.40
2026-05-08,10:42:03,+  108.45
2026-05-08,10:42:08,+  108.51
2026-05-08,10:42:13,+  108.60
2026-05-08,10:42:18,+  108.69
2026-05-08,10:42:23,+  108.75
2026-05-08,10:42:28,+  108.85
2026-05-08,10:42:33,+  108.93
2026-05-08,10:42:38,+  108.97
2026-05-08,10:42:43,+  109.10
2026-05-08,10:42:48,+  109.18
2026-05-08,10:42:53,+  109.26
2026-05-08,10:42:58,+  109.38
2026-05-08,10:43:04,+  109.41
2026-05-08,10:43:08,+  109.50
2026-05-08,10:43:13,+  109.63
2026-05-08,10:43:18,+  109.64
2026-05-08,10:43:23,+  109.76
2026-05-08,10:43:28,+  109.78
2026-05-08,10:43:33,+  109.92
2026-05-08,10:43:38,+  109.95
2026-05-08,10:43:43,+  110.06
2026-05-08,10:43:49,+  110.13
2026-05-08,10:43:53,+  110.20
2026-05-08,10:43:58,+  110.30
2026-05-08,10:44:03,+  110.38
2026-05-08,10:44:08,+  110.47
2026-05-08,10:44:13,+  110.51
2026-05-08,10:44:18,+  110.64
2026-05-08,10:44:23,+  110.71
2026-05-08,10:44:28,+  110.86
2026-05-08,10:44:33,+  110.89
2026-05-08,10:44:38,+  111.01
2026-05-08,10:44:43,+  111.04
2026-05-08,10:44:48,+  111.17
2026-05-08,10:44:53,+  111.22
2026-05-08,10:44:58,+  111.32
2026-05-08,10:45:03,+  111.38
2026-05-08,10:45:08,+  111.40
2026-05-08,10:45:13,+  111.46
2026-05-08,10:45:18,+  111.56
2026-05-08,10:45:23,+  111.67
2026-05-08,10:45:28,+  111.73
2026-05-08,10:45:33,+  111.83
2026-05-08,10:45:38,+  111.90
2026-05-08,10:45:43,+  111.98
2026-05-08,10:45:48,+  112.10
2026-05-08,10:45:53,+  112.18
2026-05-08,10:45:59,+  112.25
2026-05-08,10:46:03,+  112.35
2026-05-08,10:46:08,+  112.37
2026-05-08,10:46:13,+  112.48
2026-05-08,10:46:18,+  112.58
2026-05-08,10:46:23,+  112.61
2026-05-08,10:46:28,+  112.75
2026-05-08,10:46:33,+  112.77
2026-05-08,10:46:38,+  112.84
2026-05-08,10:46:43,+  112.91
2026-05-08,10:46:48,+  113.01
2026-05-08,10:46:53,+  113.12
2026-05-08,10:46:58,+  113.18
2026-05-08,10:47:03,+  113.28
2026-05-08,10:47:08,+  113.38
2026-05-08,10:47:13,+  113.49
2026-05-08,10:47:18,+  113.53
2026-05-08,10:47:23,+  113.60
2026-05-08,10:47:28,+  113.74
2026-05-08,10:47:33,+  113.84
2026-05-08,10:47:38,+  113.89
2026-05-08,10:47:43,+  113.96
2026-05-08,10:47:48,+  114.04
2026-05-08,10:47:53,+  114.06
2026-05-08,10:47:58,+  114.12
2026-05-08,10:48:03,+  114.23
2026-05-08,10:48:08,+  114.30
2026-05-08,10:48:13,+  114.39
2026-05-08,10:48:18,+  114.46
2026-05-08,10:48:23,+  114.54
2026-05-08,10:48:28,+  114.61
2026-05-08,10:48:33,+  114.71
2026-05-08,10:48:38,+  114.82
